{"cameraMode":{"drawMode":0,"name":"Shaded","section":"Shading Mode"},"sceneLighting":true,"audioPlay":false,"sceneViewState":{"m_AlwaysRefresh":false,"showFog":true,"showSkybox":true,"showFlares":true,"showImageEffects":true,"showParticleSystems":true,"showVisualEffectGraphs":true,"m_FxEnabled":true},"in2DMode":false,"pivot":{"x":1008.8263549804688,"y":626.2181396484375,"z":189.2281494140625},"rotation":{"x":-0.032994870096445087,"y":0.0024416723754256965,"z":-0.00013249661424197257,"w":-0.9994925260543823},"size":680.2089233398438,"orthographic":false}